timestamp,steps,samples_seen,games,positions,loss,policy_loss,value_loss,top1,top3,puzzle_overall,puzzle_800-1200,puzzle_1200-1600,puzzle_1600-2000,puzzle_2000-2400,puzzle_2400-+
2026-07-10T09:09:28+00:00,131,33298,148,12048,6.795770567516948,6.398158505905506,0.795224153718283,0.0307,0.0664
2026-07-10T10:24:21+00:00,87,21923,60,4608,6.79163615843829,6.480189631966984,0.622892933733323,0.0391,0.0804
2026-07-11T05:24:27+00:00,120,30041,89,6672,6.758993128935496,6.32955942551295,0.8588674068450928,0.033,0.057,0.0608,0.025,0.0417,0.0458,0.0917,0.1
2026-07-11T21:36:20+00:00,134,33610,49,3965,6.657581840242658,6.298734937395368,0.7176937758922577,0.048,0.0808,0.0558,0.025,0.0292,0.0583,0.0917,0.075
2026-07-12T15:15:51+00:00,145,36211,37,2890,6.776275504719127,6.33193133094094,0.8886882554401051,0.0173,0.0311,0.0617,0.025,0.0375,0.0708,0.1083,0.0667
2026-07-12T16:46:25+00:00,263,66012,199,16225,6.557401509120546,6.20323029879866,0.708342464833424,0.0345,0.0734,0.0517,0.0292,0.0375,0.05,0.0792,0.0625
2026-07-12T21:36:23+00:00,357,89664,193,16801,6.3996955553690595,6.047366619110107,0.7046578710277875,0.0607,0.1089,0.0492,0.0125,0.0458,0.0708,0.0708,0.0458
2026-07-13T05:50:50+00:00,509,127996,198,16316,5.97994509236566,5.624399053639379,0.711092045594906,0.0822,0.1619,0.0508,0.0208,0.0417,0.0792,0.0583,0.0542
2026-07-13T09:14:00+00:00,568,142537,193,16001,5.8030545753345155,5.3706743424398855,0.8647604689263461,0.0838,0.1669,0.0642,0.0417,0.0625,0.0958,0.0458,0.075
2026-07-13T09:57:14+00:00,627,157420,194,16536,5.57935441550562,5.1872895208455745,0.7841298095250534,0.0805,0.1803,0.065,0.025,0.0542,0.0875,0.0958,0.0625
2026-07-13T13:02:29+00:00,656,164801,95,8201,5.419664777558426,5.04478436502917,0.7497608291691747,0.078,0.1793,0.0758,0.025,0.0542,0.1125,0.0792,0.1083
2026-07-13T17:23:02+00:00,796,200080,195,14838,5.0222776520927,4.649893535757965,0.7447681865602169,0.0984,0.2057,0.0792,0.0625,0.0792,0.0792,0.0792,0.0958
2026-07-13T21:40:56+00:00,935,235356,91,8314,4.632833194732666,4.266904886563619,0.7318566302458446,0.1107,0.2551,0.0842,0.0542,0.0625,0.1125,0.1125,0.0792
2026-07-14T03:58:51+00:00,989,249082,195,15251,4.767269258145933,4.382488550963225,0.7695613702138265,0.1141,0.2518,0.0792,0.0583,0.0917,0.0958,0.1042,0.0458
2026-07-14T05:12:14+00:00,1126,283460,197,14593,4.452788673914396,4.046963453292847,0.8116504183182349,0.1432,0.2796,0.0967,0.0458,0.0917,0.1125,0.1208,0.1125
2026-07-14T08:53:16+00:00,1193,300044,187,18213,4.290548775746272,3.9329458786891056,0.7152058087862455,0.1488,0.307,0.0883,0.0625,0.1042,0.0667,0.1208,0.0875
2026-07-14T12:00:14+00:00,1246,313432,200,14875,4.488526713173345,4.084064946984345,0.8089235559949335,0.1439,0.2892,0.1042,0.0833,0.0833,0.1167,0.1417,0.0958
2026-07-14T16:38:48+00:00,1421,357877,191,15935,4.2205702631097095,3.8477033774058023,0.7457337431740343,0.1325,0.2756,0.0983,0.0792,0.0667,0.0917,0.1417,0.1125
2026-07-14T21:42:37+00:00,1457,366997,104,10133,4.184302336639828,3.8145528501934476,0.7394989993837144,0.154,0.3119,0.0983,0.075,0.0875,0.0833,0.1292,0.1167
2026-07-15T05:12:20+00:00,1512,380673,31,2975,4.187193220311945,3.809874664653431,0.7546369595961138,0.1414,0.2727,0.0967,0.0708,0.0917,0.0875,0.125,0.1083
2026-07-15T08:58:17+00:00,1515,381069,3,256,4.153767108917236,3.731654644012451,0.844225287437439,0.28,0.48,0.0933,0.0708,0.0875,0.075,0.125,0.1083
2026-07-15T12:04:56+00:00,1568,394079,41,3432,4.208316051042997,3.8011284608107347,0.8143752836264097,0.1691,0.3294,0.1025,0.075,0.0917,0.0917,0.125,0.1292
2026-07-15T16:44:59+00:00,1600,402114,99,8927,4.232878662645817,3.844407193362713,0.7769429199397564,0.1749,0.3352,0.1025,0.0875,0.1,0.1083,0.1292,0.0875
2026-07-15T21:44:03+00:00,1625,408344,82,6922,4.040041055679321,3.6409863567352296,0.7981093549728393,0.1792,0.3223,0.0942,0.0542,0.075,0.0958,0.1375,0.1083
2026-07-16T05:19:01+00:00,1634,410479,32,2372,4.132376220491198,3.6786846584743924,0.9073830644289652,0.2068,0.3797,0.1,0.0708,0.0875,0.1042,0.1292,0.1083
2026-07-16T06:53:32+00:00,1662,417072,100,7114,4.184210942341731,3.7610302980129537,0.8463613001199869,0.1561,0.3108,0.0975,0.0875,0.0958,0.0708,0.125,0.1083
2026-07-16T08:59:03+00:00,1712,429859,182,14207,4.10795560836792,3.7215883255004885,0.7727345669269562,0.1824,0.3472,0.1025,0.0792,0.1083,0.1125,0.1083,0.1042
2026-07-16T12:05:58+00:00,1752,439775,98,8299,4.006661486625672,3.614614701271057,0.7840935945510864,0.1279,0.2907,0.0992,0.0875,0.0875,0.1083,0.1,0.1125
2026-07-16T16:41:02+00:00,1764,442395,13,870,4.298976540565491,3.847726285457611,0.9025005847215652,0.1724,0.3103,0.1,0.075,0.1083,0.0958,0.1167,0.1042
2026-07-16T21:49:36+00:00,1771,444015,24,1800,3.8966819558824812,3.588355098451887,0.6166536382266453,0.1889,0.3444,0.0917,0.0708,0.075,0.1083,0.1167,0.0875
2026-07-17T00:09:28+00:00,1821,456813,188,14220,4.069709448814392,3.6527331972122195,0.8339525306224823,0.1751,0.3516,0.0992,0.0833,0.0958,0.0958,0.1292,0.0917
2026-07-17T05:25:20+00:00,1845,462743,90,6588,3.992043673992157,3.5709192951520285,0.8422488197684288,0.1824,0.3374,0.1017,0.0875,0.1,0.1,0.1125,0.1083
2026-07-17T08:39:44+00:00,1899,475993,104,7270,3.98379071859213,3.535968908896813,0.8956436285605798,0.1788,0.3549,0.1108,0.1042,0.1375,0.0833,0.1125,0.1167
2026-07-17T11:55:16+00:00,1933,484417,95,7455,4.002373739525124,3.582812538853398,0.8391224697784141,0.1893,0.353,0.1008,0.0958,0.0917,0.0958,0.1292,0.0917
2026-07-17T16:35:15+00:00,1952,489010,22,2034,3.9604135155677795,3.5151700377464294,0.8904869705438614,0.1527,0.33,0.1033,0.0917,0.0875,0.1042,0.1375,0.0958
2026-07-17T21:38:09+00:00,1990,498624,99,8149,3.943222769375505,3.545363343995193,0.7957188548712895,0.1695,0.3059,0.1158,0.0833,0.1083,0.1208,0.1583,0.1083
2026-07-18T00:02:14+00:00,2031,508810,115,8429,3.9631911595662435,3.5191678682963055,0.888046536842982,0.1437,0.3314,0.1042,0.0708,0.0833,0.1083,0.1583,0.1
2026-07-18T05:07:27+00:00,2040,510966,25,2395,3.9723502529992,3.60913168059455,0.7264372838868035,0.2343,0.3891,0.105,0.1,0.1,0.0917,0.1375,0.0958
2026-07-18T11:32:25+00:00,2075,519223,91,7275,3.969542906834529,3.5473598058407125,0.8443662753471961,0.1458,0.2861,0.1183,0.0833,0.125,0.1125,0.15,0.1208
2026-07-18T16:10:39+00:00,2084,521303,16,1399,4.137481307983398,3.6394097805023193,0.9961431503295899,0.2086,0.3885,0.115,0.0875,0.1208,0.1167,0.1333,0.1167
2026-07-18T21:36:51+00:00,2098,524618,21,1675,3.9941911697387695,3.5870792865753174,0.814223716656367,0.1377,0.2874,0.1225,0.0833,0.1125,0.1333,0.1375,0.1458
2026-07-19T00:03:19+00:00,2178,544663,93,7538,3.807971636454264,3.4192095156069153,0.7775242703932302,0.178,0.3174,0.1192,0.0958,0.1125,0.1208,0.1375,0.1292
2026-07-19T05:33:54+00:00,2207,551935,100,8079,3.7931731980422447,3.3759834684174637,0.8343794325302387,0.1822,0.342,0.1192,0.1,0.1167,0.125,0.1417,0.1125
2026-07-19T08:56:50+00:00,2244,560950,18,1680,3.878016710281372,3.4343577226003013,0.8873180349667867,0.1964,0.3155,0.1158,0.0833,0.1083,0.1083,0.1625,0.1167
2026-07-19T11:39:21+00:00,2248,561654,9,622,3.777626355489095,3.3866841793060303,0.7818841934204102,0.1935,0.3871,0.1158,0.0792,0.1042,0.1167,0.1625,0.1167
2026-07-19T16:09:30+00:00,2276,568687,99,7814,4.010110012122563,3.5786708933966502,0.8628783055714199,0.2061,0.4059,0.1167,0.0708,0.1083,0.1167,0.1583,0.1292
2026-07-19T21:38:19+00:00,2305,575906,97,8021,3.785382131050373,3.37501100013996,0.8207422597654934,0.1646,0.3404,0.1233,0.0958,0.1042,0.1167,0.1792,0.1208
2026-07-20T00:06:40+00:00,2320,579282,9,683,4.078612327575684,3.653918663660685,0.8493875662485758,0.1618,0.3676,0.1083,0.0958,0.1083,0.1083,0.1167,0.1125
2026-07-20T05:51:36+00:00,2336,583480,9,780,3.7672709623972573,3.34881059328715,0.8369206786155701,0.2308,0.3974,0.1133,0.1042,0.1042,0.0875,0.1458,0.125
2026-07-20T09:44:35+00:00,2404,600233,12,1096,3.925703763961792,3.3848594427108765,1.081688642501831,0.1376,0.3303,0.1133,0.0667,0.1208,0.1042,0.1542,0.1208
2026-07-20T12:36:06+00:00,2445,610369,28,2116,3.8612585961818695,3.41051784157753,0.9014814794063568,0.1611,0.3175,0.1192,0.0875,0.1208,0.1,0.15,0.1375
2026-07-20T16:44:23+00:00,2451,611698,17,1476,3.934113025665283,3.5071487029393515,0.8539286255836487,0.1837,0.3469,0.115,0.0667,0.1542,0.1083,0.1333,0.1125
2026-07-20T21:53:46+00:00,2468,615654,28,2356,3.855195813708835,3.4407325055864124,0.8289266758494906,0.183,0.4043,0.1175,0.0917,0.1167,0.1042,0.15,0.125
2026-07-21T00:06:15+00:00,2496,622606,98,7724,3.8839652708598544,3.446613780089787,0.8747029921838215,0.1826,0.3834,0.115,0.1042,0.1083,0.1125,0.1542,0.0958
2026-07-21T05:32:18+00:00,2508,625437,47,3145,3.797547181447347,3.381967087586721,0.8311602224906286,0.1688,0.3949,0.115,0.0917,0.1083,0.1333,0.1292,0.1125
2026-07-21T09:14:12+00:00,2582,643557,96,6759,3.8256325721740723,3.3776760200659433,0.8959130967656771,0.1926,0.3941,0.1183,0.0833,0.0958,0.1125,0.1708,0.1292
2026-07-21T12:11:14+00:00,2612,651019,9,740,3.786405881245931,3.4128584067026773,0.7470950881640116,0.0541,0.2027,0.1217,0.0958,0.1083,0.1,0.1792,0.125
2026-07-21T16:41:27+00:00,2639,657931,97,7679,3.741818763591625,3.3486957726655184,0.7862459906825313,0.1669,0.3703,0.1158,0.0792,0.1042,0.1083,0.1625,0.125
2026-07-21T21:48:54+00:00,2686,669841,125,8682,3.753813635918402,3.3513653585987706,0.8048965296437663,0.197,0.3756,0.1308,0.0958,0.1333,0.1417,0.1792,0.1042
2026-07-22T00:02:54+00:00,2696,672247,34,2673,3.708261799812317,3.34150915145874,0.7335052847862243,0.221,0.3933,0.1242,0.1042,0.1083,0.1083,0.175,0.125
2026-07-22T05:31:29+00:00,2738,682669,17,1398,3.895700740814209,3.3912678718566895,1.0088656902313233,0.1583,0.2662,0.12,0.1,0.1167,0.1167,0.1542,0.1125
2026-08-06T07:56:23+00:00,2820,698872,126,9489,3.7227893717148723,3.299045569756452,0.8474876021637636,0.1878,0.385,0.1183,0.1,0.1125,0.1042,0.1542,0.1208
2026-08-06T08:16:31+00:00,2854,707574,115,9668,3.7189521298689,3.311092033105738,0.8157201567116905,0.1677,0.3551,0.1208,0.1083,0.1208,0.1083,0.1583,0.1083
2026-08-06T08:18:27+00:00,2892,717298,115,10804,3.726854995677346,3.310615564647474,0.832478824414705,0.2037,0.3991,0.1217,0.0833,0.125,0.1125,0.1625,0.125
2026-08-06T08:20:19+00:00,2906,720833,56,3927,3.678408758980887,3.2569220747266496,0.8429734110832214,0.2347,0.4184,0.1308,0.0958,0.1375,0.1333,0.1542,0.1333
2026-08-06T09:27:04+00:00,3003,745148,102,6021,3.674312938343395,3.252536502751437,0.8435528874397278,0.2392,0.4053,0.1242,0.1083,0.1292,0.1208,0.1417,0.1208
2026-08-06T12:29:11+00:00,3061,759837,200,16321,3.6255958984638084,3.25464522427526,0.7419013329621019,0.2286,0.4246,0.13,0.1083,0.15,0.1208,0.1667,0.1042
2026-08-07T00:59:57+00:00,3146,780945,93,7443,3.6864308339578136,3.3305941775993064,0.7116733171321727,0.1828,0.3387,0.1258,0.1125,0.1083,0.1333,0.1458,0.1292
2026-08-07T04:34:39+00:00,3214,798003,36,3084,3.6971644054759634,3.2377098256891426,0.9189091920852661,0.2013,0.3864,0.1425,0.1167,0.1458,0.1375,0.175,0.1375
2026-08-07T07:55:09+00:00,3248,806545,116,9381,3.6695160576791475,3.256757721756444,0.8255166989384275,0.1834,0.3635,0.1483,0.1,0.1458,0.1375,0.1958,0.1625
2026-08-07T11:26:38+00:00,3261,809710,40,3516,3.6821823303516092,3.313294740823599,0.737775247830611,0.1481,0.3134,0.14,0.0917,0.15,0.1333,0.1792,0.1458
2026-08-07T16:08:48+00:00,3337,828849,101,7596,3.6448626783159046,3.2054821296974465,0.8787611303506074,0.2227,0.3913,0.1492,0.1125,0.175,0.1333,0.1708,0.1542
2026-08-07T21:24:33+00:00,3474,863581,192,14900,3.631093888912561,3.211725374437728,0.8387369963358033,0.2195,0.4168,0.1358,0.0917,0.1542,0.1375,0.1708,0.125
2026-08-08T03:47:10+00:00,3522,875693,61,5217,3.6906575529198897,3.2751763243424263,0.8309625167595712,0.1862,0.3704,0.1242,0.0917,0.1417,0.1083,0.15,0.1292
2026-08-08T07:33:24+00:00,3608,897007,28,2163,3.721740812063217,3.2648572623729706,0.9137671887874603,0.1944,0.412,0.1233,0.0875,0.1333,0.1167,0.1667,0.1125
2026-08-08T11:04:10+00:00,3653,908219,54,4180,3.672938601175944,3.2670995076497396,0.8116781870524089,0.189,0.366,0.1292,0.0875,0.175,0.1292,0.1417,0.1125
2026-08-08T15:45:13+00:00,3683,915346,57,4132,3.6508263111114503,3.246599547068278,0.8084535201390585,0.2276,0.4383,0.1392,0.0917,0.1875,0.1167,0.1458,0.1542
2026-08-08T21:15:30+00:00,3738,928934,59,4057,3.636635398864746,3.2226127942403155,0.8280451893806458,0.2,0.3309,0.1325,0.0958,0.1458,0.1125,0.1625,0.1458
2026-08-09T03:55:11+00:00,3793,942718,92,7464,3.482205964900829,3.123173854969166,0.718064197787532,0.2064,0.3928,0.1442,0.1125,0.1667,0.1208,0.1875,0.1333
2026-08-09T07:38:22+00:00,3819,948926,78,6724,3.525385489066442,3.152931342522303,0.7449082334836324,0.2217,0.3899,0.1242,0.0833,0.15,0.1125,0.175,0.1
2026-08-09T11:05:36+00:00,3847,955727,28,2609,3.5424640417099,3.2039169788360597,0.6770941853523255,0.2538,0.4231,0.125,0.1042,0.1375,0.125,0.1375,0.1208
2026-08-09T15:46:13+00:00,3881,963933,28,2062,3.6090214550495148,3.173778921365738,0.8704850450158119,0.1748,0.3398,0.1325,0.0958,0.1417,0.1333,0.1792,0.1125
2026-08-09T21:17:41+00:00,3889,965877,22,2160,3.717661440372467,3.3292700350284576,0.7767826989293098,0.1296,0.2824,0.1342,0.0917,0.1542,0.125,0.1917,0.1083
2026-08-10T04:10:44+00:00,3898,967933,34,2284,3.7236927615271673,3.2700594796074762,0.9072666035758125,0.25,0.4123,0.14,0.0958,0.1583,0.1417,0.1625,0.1417
2026-08-10T08:15:57+00:00,3909,970060,25,2069,3.580024480819702,3.1615470945835114,0.8369548246264458,0.2184,0.4515,0.1367,0.0958,0.1542,0.125,0.1667,0.1417
2026-08-10T11:32:31+00:00,3964,983859,87,6797,3.759510487318039,3.369318942228953,0.78038306782643,0.1988,0.3873,0.1425,0.125,0.15,0.1,0.2,0.1375
2026-08-10T16:08:56+00:00,4038,1002294,25,2181,3.421429365873337,3.08577162027359,0.6713154911994934,0.211,0.3899,0.1367,0.1125,0.1333,0.125,0.1708,0.1417
2026-08-10T19:45:34+00:00,4067,1009300,17,1213,3.4035363674163817,2.9310436725616453,0.9449854016304016,0.2645,0.4793,0.1358,0.1,0.1333,0.15,0.15,0.1458
2026-08-11T03:57:12+00:00,4075,1011136,25,2040,3.7364194989204407,3.2758374214172363,0.9211640730500221,0.2647,0.4706,0.11,0.0625,0.1125,0.1208,0.125,0.1292
2026-08-11T11:25:31+00:00,4078,1011607,2,249,3.5653305053710938,3.3188915252685547,0.4928780198097229,0.25,0.5,0.1025,0.0667,0.1,0.1125,0.1167,0.1167
2026-08-11T19:51:23+00:00,4095,1015738,54,4589,3.3290826432845173,3.014969629399917,0.6282259576460895,0.2227,0.4214,0.13,0.1083,0.1375,0.1167,0.1583,0.1292
2026-08-12T04:19:27+00:00,4107,1018803,46,3405,3.4959606329600015,3.114723523457845,0.7624741892019907,0.2235,0.4029,0.13,0.0958,0.1292,0.1208,0.175,0.1292
2026-08-12T11:25:08+00:00,4195,1040713,104,7853,3.5259646347590854,3.127924774374281,0.7960796654224396,0.2166,0.4153,0.135,0.1042,0.1375,0.1333,0.1667,0.1333
2026-08-12T19:53:59+00:00,4213,1045072,25,2066,3.6702358424663544,3.18095463514328,0.9785624071955681,0.1699,0.3689,0.1317,0.1083,0.1458,0.1333,0.1708,0.1
2026-08-13T04:23:15+00:00,4225,1047901,37,3143,3.4518617192904153,3.0939214626948037,0.7158805181582769,0.2261,0.4459,0.1408,0.1125,0.1458,0.1542,0.1708,0.1208
2026-08-13T11:24:27+00:00,4276,1060385,44,3676,3.4105705664708066,3.0787256497603197,0.663689911365509,0.2425,0.455,0.1383,0.1125,0.1333,0.1375,0.1667,0.1417
2026-08-13T19:48:32+00:00,4322,1071806,55,4610,3.497689723968506,3.1034695120418774,0.7884404589148128,0.2234,0.4252,0.1508,0.125,0.1625,0.1375,0.1875,0.1417
2026-08-14T04:20:42+00:00,4348,1078258,93,7168,3.5928884744644165,3.1324754311488223,0.9208261095560514,0.2039,0.4022,0.1442,0.1208,0.1583,0.1417,0.1708,0.1292
2026-08-14T11:23:40+00:00,4417,1095092,109,8578,3.352661648104268,2.998007812807637,0.7093076667478008,0.196,0.3804,0.1383,0.0917,0.1583,0.1375,0.175,0.1292
2026-08-14T19:40:01+00:00,4430,1098290,21,1869,3.5278465066637312,2.991575377328055,1.0725422416414534,0.2043,0.4301,0.1475,0.125,0.1917,0.1375,0.1625,0.1208
2026-08-15T03:08:47+00:00,4445,1102028,53,4153,3.4871015866597492,3.0890467325846354,0.7961097439130147,0.2313,0.4434,0.135,0.1042,0.1458,0.1125,0.1833,0.1292
2026-08-15T10:53:32+00:00,4497,1114493,36,2889,3.5463100996884434,3.0613645640286533,0.9698910929939963,0.2569,0.4479,0.1508,0.1375,0.1792,0.1458,0.1458,0.1458
2026-08-15T19:11:34+00:00,4506,1116792,37,2554,3.506395075056288,3.111470752292209,0.7898486190372043,0.2392,0.4392,0.15,0.1375,0.1667,0.1458,0.1583,0.1417
2026-08-16T03:15:51+00:00,4562,1130851,94,8285,3.322362852096558,2.966369557380676,0.7119865993658702,0.2343,0.43,0.1475,0.1083,0.15,0.1417,0.1833,0.1542
2026-08-16T04:58:26+00:00,4640,1150103,54,4414,3.411109119653702,3.0157693922519684,0.7906794846057892,0.2177,0.4014,0.15,0.125,0.1583,0.1417,0.1833,0.1417
2026-08-16T14:59:03+00:00,4660,1155154,35,2540,3.545991447236803,3.1061289840274386,0.8797248734368218,0.2283,0.3976,0.1392,0.1042,0.1375,0.1458,0.1792,0.1292
